{
  "hash": "de3a0c5c",
  "configHash": "f0db0d12",
  "lockfileHash": "24b91002",
  "browserHash": "eba80cf4",
  "optimized": {
    "@angular/common": {
      "src": "../../../../../../node_modules/@angular/common/fesm2022/common.mjs",
      "file": "@angular_common.js",
      "fileHash": "89ff0e72",
      "needsInterop": false
    },
    "@angular/common/http": {
      "src": "../../../../../../node_modules/@angular/common/fesm2022/http.mjs",
      "file": "@angular_common_http.js",
      "fileHash": "9dd3a093",
      "needsInterop": false
    },
    "@angular/common/locales/en": {
      "src": "../../../../../../node_modules/@angular/common/locales/en.mjs",
      "file": "@angular_common_locales_en.js",
      "fileHash": "963ebdb9",
      "needsInterop": false
    },
    "@angular/core": {
      "src": "../../../../../../node_modules/@angular/core/fesm2022/core.mjs",
      "file": "@angular_core.js",
      "fileHash": "5a3c1ec4",
      "needsInterop": false
    },
    "@angular/forms": {
      "src": "../../../../../../node_modules/@angular/forms/fesm2022/forms.mjs",
      "file": "@angular_forms.js",
      "fileHash": "6311b8ab",
      "needsInterop": false
    },
    "@angular/platform-browser": {
      "src": "../../../../../../node_modules/@angular/platform-browser/fesm2022/platform-browser.mjs",
      "file": "@angular_platform-browser.js",
      "fileHash": "b0550982",
      "needsInterop": false
    },
    "@angular/platform-browser/animations/async": {
      "src": "../../../../../../node_modules/@angular/platform-browser/fesm2022/animations/async.mjs",
      "file": "@angular_platform-browser_animations_async.js",
      "fileHash": "c165b8c8",
      "needsInterop": false
    },
    "@angular/router": {
      "src": "../../../../../../node_modules/@angular/router/fesm2022/router.mjs",
      "file": "@angular_router.js",
      "fileHash": "c4329e58",
      "needsInterop": false
    },
    "@ant-design/icons-angular/icons": {
      "src": "../../../../../../node_modules/@ant-design/icons-angular/fesm2022/ant-design-icons-angular-icons.mjs",
      "file": "@ant-design_icons-angular_icons.js",
      "fileHash": "87695c94",
      "needsInterop": false
    },
    "@primeng/themes/aura": {
      "src": "../../../../../../node_modules/@primeng/themes/aura/index.mjs",
      "file": "@primeng_themes_aura.js",
      "fileHash": "2b16dc54",
      "needsInterop": false
    },
    "ng-zorro-antd/alert": {
      "src": "../../../../../../node_modules/ng-zorro-antd/fesm2022/ng-zorro-antd-alert.mjs",
      "file": "ng-zorro-antd_alert.js",
      "fileHash": "bb6855f2",
      "needsInterop": false
    },
    "ng-zorro-antd/avatar": {
      "src": "../../../../../../node_modules/ng-zorro-antd/fesm2022/ng-zorro-antd-avatar.mjs",
      "file": "ng-zorro-antd_avatar.js",
      "fileHash": "db9bf359",
      "needsInterop": false
    },
    "ng-zorro-antd/breadcrumb": {
      "src": "../../../../../../node_modules/ng-zorro-antd/fesm2022/ng-zorro-antd-breadcrumb.mjs",
      "file": "ng-zorro-antd_breadcrumb.js",
      "fileHash": "e54aa15b",
      "needsInterop": false
    },
    "ng-zorro-antd/button": {
      "src": "../../../../../../node_modules/ng-zorro-antd/fesm2022/ng-zorro-antd-button.mjs",
      "file": "ng-zorro-antd_button.js",
      "fileHash": "e323379c",
      "needsInterop": false
    },
    "ng-zorro-antd/cascader": {
      "src": "../../../../../../node_modules/ng-zorro-antd/fesm2022/ng-zorro-antd-cascader.mjs",
      "file": "ng-zorro-antd_cascader.js",
      "fileHash": "ac52e872",
      "needsInterop": false
    },
    "ng-zorro-antd/core/transition-patch": {
      "src": "../../../../../../node_modules/ng-zorro-antd/fesm2022/ng-zorro-antd-core-transition-patch.mjs",
      "file": "ng-zorro-antd_core_transition-patch.js",
      "fileHash": "70f54313",
      "needsInterop": false
    },
    "ng-zorro-antd/core/wave": {
      "src": "../../../../../../node_modules/ng-zorro-antd/fesm2022/ng-zorro-antd-core-wave.mjs",
      "file": "ng-zorro-antd_core_wave.js",
      "fileHash": "8fdf3633",
      "needsInterop": false
    },
    "ng-zorro-antd/date-picker": {
      "src": "../../../../../../node_modules/ng-zorro-antd/fesm2022/ng-zorro-antd-date-picker.mjs",
      "file": "ng-zorro-antd_date-picker.js",
      "fileHash": "5fe5672a",
      "needsInterop": false
    },
    "ng-zorro-antd/descriptions": {
      "src": "../../../../../../node_modules/ng-zorro-antd/fesm2022/ng-zorro-antd-descriptions.mjs",
      "file": "ng-zorro-antd_descriptions.js",
      "fileHash": "c2694c89",
      "needsInterop": false
    },
    "ng-zorro-antd/divider": {
      "src": "../../../../../../node_modules/ng-zorro-antd/fesm2022/ng-zorro-antd-divider.mjs",
      "file": "ng-zorro-antd_divider.js",
      "fileHash": "0ee3e846",
      "needsInterop": false
    },
    "ng-zorro-antd/dropdown": {
      "src": "../../../../../../node_modules/ng-zorro-antd/fesm2022/ng-zorro-antd-dropdown.mjs",
      "file": "ng-zorro-antd_dropdown.js",
      "fileHash": "bd48d5b3",
      "needsInterop": false
    },
    "ng-zorro-antd/float-button": {
      "src": "../../../../../../node_modules/ng-zorro-antd/fesm2022/ng-zorro-antd-float-button.mjs",
      "file": "ng-zorro-antd_float-button.js",
      "fileHash": "ad59feb3",
      "needsInterop": false
    },
    "ng-zorro-antd/form": {
      "src": "../../../../../../node_modules/ng-zorro-antd/fesm2022/ng-zorro-antd-form.mjs",
      "file": "ng-zorro-antd_form.js",
      "fileHash": "fe4c9073",
      "needsInterop": false
    },
    "ng-zorro-antd/grid": {
      "src": "../../../../../../node_modules/ng-zorro-antd/fesm2022/ng-zorro-antd-grid.mjs",
      "file": "ng-zorro-antd_grid.js",
      "fileHash": "61a7832b",
      "needsInterop": false
    },
    "ng-zorro-antd/hash-code": {
      "src": "../../../../../../node_modules/ng-zorro-antd/fesm2022/ng-zorro-antd-hash-code.mjs",
      "file": "ng-zorro-antd_hash-code.js",
      "fileHash": "b0dc10df",
      "needsInterop": false
    },
    "ng-zorro-antd/i18n": {
      "src": "../../../../../../node_modules/ng-zorro-antd/fesm2022/ng-zorro-antd-i18n.mjs",
      "file": "ng-zorro-antd_i18n.js",
      "fileHash": "97f24978",
      "needsInterop": false
    },
    "ng-zorro-antd/icon": {
      "src": "../../../../../../node_modules/ng-zorro-antd/fesm2022/ng-zorro-antd-icon.mjs",
      "file": "ng-zorro-antd_icon.js",
      "fileHash": "c13e71b9",
      "needsInterop": false
    },
    "ng-zorro-antd/input": {
      "src": "../../../../../../node_modules/ng-zorro-antd/fesm2022/ng-zorro-antd-input.mjs",
      "file": "ng-zorro-antd_input.js",
      "fileHash": "e085b12a",
      "needsInterop": false
    },
    "ng-zorro-antd/input-number": {
      "src": "../../../../../../node_modules/ng-zorro-antd/fesm2022/ng-zorro-antd-input-number.mjs",
      "file": "ng-zorro-antd_input-number.js",
      "fileHash": "60b267c0",
      "needsInterop": false
    },
    "ng-zorro-antd/menu": {
      "src": "../../../../../../node_modules/ng-zorro-antd/fesm2022/ng-zorro-antd-menu.mjs",
      "file": "ng-zorro-antd_menu.js",
      "fileHash": "2a6b4173",
      "needsInterop": false
    },
    "ng-zorro-antd/message": {
      "src": "../../../../../../node_modules/ng-zorro-antd/fesm2022/ng-zorro-antd-message.mjs",
      "file": "ng-zorro-antd_message.js",
      "fileHash": "7d2232d5",
      "needsInterop": false
    },
    "ng-zorro-antd/modal": {
      "src": "../../../../../../node_modules/ng-zorro-antd/fesm2022/ng-zorro-antd-modal.mjs",
      "file": "ng-zorro-antd_modal.js",
      "fileHash": "d90732b0",
      "needsInterop": false
    },
    "ng-zorro-antd/notification": {
      "src": "../../../../../../node_modules/ng-zorro-antd/fesm2022/ng-zorro-antd-notification.mjs",
      "file": "ng-zorro-antd_notification.js",
      "fileHash": "9adee1e8",
      "needsInterop": false
    },
    "ng-zorro-antd/pagination": {
      "src": "../../../../../../node_modules/ng-zorro-antd/fesm2022/ng-zorro-antd-pagination.mjs",
      "file": "ng-zorro-antd_pagination.js",
      "fileHash": "b0c419f2",
      "needsInterop": false
    },
    "ng-zorro-antd/popconfirm": {
      "src": "../../../../../../node_modules/ng-zorro-antd/fesm2022/ng-zorro-antd-popconfirm.mjs",
      "file": "ng-zorro-antd_popconfirm.js",
      "fileHash": "4e42d117",
      "needsInterop": false
    },
    "ng-zorro-antd/popover": {
      "src": "../../../../../../node_modules/ng-zorro-antd/fesm2022/ng-zorro-antd-popover.mjs",
      "file": "ng-zorro-antd_popover.js",
      "fileHash": "b7979867",
      "needsInterop": false
    },
    "ng-zorro-antd/progress": {
      "src": "../../../../../../node_modules/ng-zorro-antd/fesm2022/ng-zorro-antd-progress.mjs",
      "file": "ng-zorro-antd_progress.js",
      "fileHash": "6ee841d6",
      "needsInterop": false
    },
    "ng-zorro-antd/qr-code": {
      "src": "../../../../../../node_modules/ng-zorro-antd/fesm2022/ng-zorro-antd-qr-code.mjs",
      "file": "ng-zorro-antd_qr-code.js",
      "fileHash": "a9d62b21",
      "needsInterop": false
    },
    "ng-zorro-antd/radio": {
      "src": "../../../../../../node_modules/ng-zorro-antd/fesm2022/ng-zorro-antd-radio.mjs",
      "file": "ng-zorro-antd_radio.js",
      "fileHash": "b340ba20",
      "needsInterop": false
    },
    "ng-zorro-antd/result": {
      "src": "../../../../../../node_modules/ng-zorro-antd/fesm2022/ng-zorro-antd-result.mjs",
      "file": "ng-zorro-antd_result.js",
      "fileHash": "06d2e033",
      "needsInterop": false
    },
    "ng-zorro-antd/select": {
      "src": "../../../../../../node_modules/ng-zorro-antd/fesm2022/ng-zorro-antd-select.mjs",
      "file": "ng-zorro-antd_select.js",
      "fileHash": "48c2a5fe",
      "needsInterop": false
    },
    "ng-zorro-antd/skeleton": {
      "src": "../../../../../../node_modules/ng-zorro-antd/fesm2022/ng-zorro-antd-skeleton.mjs",
      "file": "ng-zorro-antd_skeleton.js",
      "fileHash": "e9791790",
      "needsInterop": false
    },
    "ng-zorro-antd/space": {
      "src": "../../../../../../node_modules/ng-zorro-antd/fesm2022/ng-zorro-antd-space.mjs",
      "file": "ng-zorro-antd_space.js",
      "fileHash": "4340edba",
      "needsInterop": false
    },
    "ng-zorro-antd/spin": {
      "src": "../../../../../../node_modules/ng-zorro-antd/fesm2022/ng-zorro-antd-spin.mjs",
      "file": "ng-zorro-antd_spin.js",
      "fileHash": "b7f7a4f6",
      "needsInterop": false
    },
    "ng-zorro-antd/switch": {
      "src": "../../../../../../node_modules/ng-zorro-antd/fesm2022/ng-zorro-antd-switch.mjs",
      "file": "ng-zorro-antd_switch.js",
      "fileHash": "d0be5dd4",
      "needsInterop": false
    },
    "ng-zorro-antd/table": {
      "src": "../../../../../../node_modules/ng-zorro-antd/fesm2022/ng-zorro-antd-table.mjs",
      "file": "ng-zorro-antd_table.js",
      "fileHash": "8f46f0b1",
      "needsInterop": false
    },
    "ng-zorro-antd/tabs": {
      "src": "../../../../../../node_modules/ng-zorro-antd/fesm2022/ng-zorro-antd-tabs.mjs",
      "file": "ng-zorro-antd_tabs.js",
      "fileHash": "1acc38f8",
      "needsInterop": false
    },
    "ng-zorro-antd/tag": {
      "src": "../../../../../../node_modules/ng-zorro-antd/fesm2022/ng-zorro-antd-tag.mjs",
      "file": "ng-zorro-antd_tag.js",
      "fileHash": "20eeecc3",
      "needsInterop": false
    },
    "ng-zorro-antd/tooltip": {
      "src": "../../../../../../node_modules/ng-zorro-antd/fesm2022/ng-zorro-antd-tooltip.mjs",
      "file": "ng-zorro-antd_tooltip.js",
      "fileHash": "1a7ac5a5",
      "needsInterop": false
    },
    "primeng/api": {
      "src": "../../../../../../node_modules/primeng/fesm2022/primeng-api.mjs",
      "file": "primeng_api.js",
      "fileHash": "8fe54939",
      "needsInterop": false
    },
    "primeng/blockui": {
      "src": "../../../../../../node_modules/primeng/fesm2022/primeng-blockui.mjs",
      "file": "primeng_blockui.js",
      "fileHash": "a9ae96d2",
      "needsInterop": false
    },
    "primeng/button": {
      "src": "../../../../../../node_modules/primeng/fesm2022/primeng-button.mjs",
      "file": "primeng_button.js",
      "fileHash": "1401a09d",
      "needsInterop": false
    },
    "primeng/card": {
      "src": "../../../../../../node_modules/primeng/fesm2022/primeng-card.mjs",
      "file": "primeng_card.js",
      "fileHash": "35d26b37",
      "needsInterop": false
    },
    "primeng/config": {
      "src": "../../../../../../node_modules/primeng/fesm2022/primeng-config.mjs",
      "file": "primeng_config.js",
      "fileHash": "d65c522a",
      "needsInterop": false
    },
    "primeng/organizationchart": {
      "src": "../../../../../../node_modules/primeng/fesm2022/primeng-organizationchart.mjs",
      "file": "primeng_organizationchart.js",
      "fileHash": "92fdc918",
      "needsInterop": false
    },
    "primeng/select": {
      "src": "../../../../../../node_modules/primeng/fesm2022/primeng-select.mjs",
      "file": "primeng_select.js",
      "fileHash": "782176d2",
      "needsInterop": false
    },
    "xlsx": {
      "src": "../../../../../../node_modules/xlsx/xlsx.mjs",
      "file": "xlsx.js",
      "fileHash": "f4be36e9",
      "needsInterop": false
    },
    "primeng/selectbutton": {
      "src": "../../../../../../node_modules/primeng/fesm2022/primeng-selectbutton.mjs",
      "file": "primeng_selectbutton.js",
      "fileHash": "5eeafe25",
      "needsInterop": false
    },
    "primeng/fieldset": {
      "src": "../../../../../../node_modules/primeng/fesm2022/primeng-fieldset.mjs",
      "file": "primeng_fieldset.js",
      "fileHash": "7f66d7c9",
      "needsInterop": false
    },
    "primeng/menubar": {
      "src": "../../../../../../node_modules/primeng/fesm2022/primeng-menubar.mjs",
      "file": "primeng_menubar.js",
      "fileHash": "b4f3c4a2",
      "needsInterop": false
    },
    "primeng/megamenu": {
      "src": "../../../../../../node_modules/primeng/fesm2022/primeng-megamenu.mjs",
      "file": "primeng_megamenu.js",
      "fileHash": "3cda745a",
      "needsInterop": false
    },
    "primeng/avatar": {
      "src": "../../../../../../node_modules/primeng/fesm2022/primeng-avatar.mjs",
      "file": "primeng_avatar.js",
      "fileHash": "f204feb3",
      "needsInterop": false
    },
    "primeng/inputtext": {
      "src": "../../../../../../node_modules/primeng/fesm2022/primeng-inputtext.mjs",
      "file": "primeng_inputtext.js",
      "fileHash": "e28fda59",
      "needsInterop": false
    },
    "primeng/floatlabel": {
      "src": "../../../../../../node_modules/primeng/fesm2022/primeng-floatlabel.mjs",
      "file": "primeng_floatlabel.js",
      "fileHash": "759d0bc7",
      "needsInterop": false
    },
    "primeng/password": {
      "src": "../../../../../../node_modules/primeng/fesm2022/primeng-password.mjs",
      "file": "primeng_password.js",
      "fileHash": "dffeb858",
      "needsInterop": false
    }
  },
  "chunks": {
    "browser-SAJTVPB5": {
      "file": "browser-SAJTVPB5.js"
    },
    "chunk-CB7BJQNV": {
      "file": "chunk-CB7BJQNV.js"
    },
    "chunk-YJFEQDLC": {
      "file": "chunk-YJFEQDLC.js"
    },
    "chunk-CGZFPAAO": {
      "file": "chunk-CGZFPAAO.js"
    },
    "chunk-Z7E3FLLR": {
      "file": "chunk-Z7E3FLLR.js"
    },
    "chunk-LLUGTFGC": {
      "file": "chunk-LLUGTFGC.js"
    },
    "chunk-Y3MTMMC5": {
      "file": "chunk-Y3MTMMC5.js"
    },
    "chunk-ZM3PYUZ5": {
      "file": "chunk-ZM3PYUZ5.js"
    },
    "chunk-V7O6JIKQ": {
      "file": "chunk-V7O6JIKQ.js"
    },
    "chunk-2VEQJLQG": {
      "file": "chunk-2VEQJLQG.js"
    },
    "chunk-RTSWLXGW": {
      "file": "chunk-RTSWLXGW.js"
    },
    "chunk-77JA5YO7": {
      "file": "chunk-77JA5YO7.js"
    },
    "chunk-YHRHY77O": {
      "file": "chunk-YHRHY77O.js"
    },
    "chunk-RPX7XZQL": {
      "file": "chunk-RPX7XZQL.js"
    },
    "chunk-AHBRSQH5": {
      "file": "chunk-AHBRSQH5.js"
    },
    "chunk-CZNU6O34": {
      "file": "chunk-CZNU6O34.js"
    },
    "chunk-Z7NZMKVK": {
      "file": "chunk-Z7NZMKVK.js"
    },
    "chunk-TGGEGQM7": {
      "file": "chunk-TGGEGQM7.js"
    },
    "chunk-ETVHSX7M": {
      "file": "chunk-ETVHSX7M.js"
    },
    "chunk-OBPQKZLT": {
      "file": "chunk-OBPQKZLT.js"
    },
    "chunk-ZQEGIMJL": {
      "file": "chunk-ZQEGIMJL.js"
    },
    "chunk-2IYXRKJK": {
      "file": "chunk-2IYXRKJK.js"
    },
    "chunk-XHMIBGPQ": {
      "file": "chunk-XHMIBGPQ.js"
    },
    "chunk-NWNJNBBA": {
      "file": "chunk-NWNJNBBA.js"
    },
    "chunk-UUM4RFGR": {
      "file": "chunk-UUM4RFGR.js"
    },
    "chunk-HFZOPIDZ": {
      "file": "chunk-HFZOPIDZ.js"
    },
    "chunk-HAQYJ3DH": {
      "file": "chunk-HAQYJ3DH.js"
    },
    "chunk-5NY2MOCQ": {
      "file": "chunk-5NY2MOCQ.js"
    },
    "chunk-DIIJ523I": {
      "file": "chunk-DIIJ523I.js"
    },
    "chunk-PTWGLTQE": {
      "file": "chunk-PTWGLTQE.js"
    },
    "chunk-ZTU732GG": {
      "file": "chunk-ZTU732GG.js"
    },
    "chunk-U7BYE6GQ": {
      "file": "chunk-U7BYE6GQ.js"
    },
    "chunk-KNQQBKJJ": {
      "file": "chunk-KNQQBKJJ.js"
    },
    "chunk-YV37426G": {
      "file": "chunk-YV37426G.js"
    },
    "chunk-QU5CMDUK": {
      "file": "chunk-QU5CMDUK.js"
    },
    "chunk-2SJ2DHYL": {
      "file": "chunk-2SJ2DHYL.js"
    },
    "chunk-BQ76GOFF": {
      "file": "chunk-BQ76GOFF.js"
    },
    "chunk-OUB7QVGM": {
      "file": "chunk-OUB7QVGM.js"
    },
    "chunk-AK6BWWXS": {
      "file": "chunk-AK6BWWXS.js"
    },
    "chunk-KYMFDNVD": {
      "file": "chunk-KYMFDNVD.js"
    },
    "chunk-AE6QYKA5": {
      "file": "chunk-AE6QYKA5.js"
    },
    "chunk-WVWYDMVP": {
      "file": "chunk-WVWYDMVP.js"
    },
    "chunk-5G7WYC4N": {
      "file": "chunk-5G7WYC4N.js"
    },
    "chunk-G26E3E7X": {
      "file": "chunk-G26E3E7X.js"
    },
    "chunk-KICDOALA": {
      "file": "chunk-KICDOALA.js"
    },
    "chunk-PDKRRKBZ": {
      "file": "chunk-PDKRRKBZ.js"
    },
    "chunk-KX7KNOBO": {
      "file": "chunk-KX7KNOBO.js"
    },
    "chunk-KBWIVJWT": {
      "file": "chunk-KBWIVJWT.js"
    },
    "chunk-PCC2KS3Y": {
      "file": "chunk-PCC2KS3Y.js"
    },
    "chunk-LCBUVZ3K": {
      "file": "chunk-LCBUVZ3K.js"
    },
    "chunk-XMVPNREB": {
      "file": "chunk-XMVPNREB.js"
    },
    "chunk-F6G3ERJY": {
      "file": "chunk-F6G3ERJY.js"
    },
    "chunk-F7VJLCZX": {
      "file": "chunk-F7VJLCZX.js"
    },
    "chunk-7LSXWQD5": {
      "file": "chunk-7LSXWQD5.js"
    },
    "chunk-WDMUDEB6": {
      "file": "chunk-WDMUDEB6.js"
    }
  }
}